TouchArea,SmallestInscribedCircleRadius,MeanPairedDistance,MedianPairedDistance,MinPairedDistance,MaxPairedDistance,SDPairedDistance,MeanCentroidVertexDistance,MedianCentroidVertexDistance,MinCentroidVertexDistance,MaxCentroidVertexDistance,MeanCircleCenterVertexDistance,MedianAngleSuccessiveVertices,MinAngleSuccessiveVertices,MaxAngleSuccessiveVertices,class
-3952.5,56.58,96.83,101.24,83.74,105.51,11.54,55.93,53.79,50.98,63.03,56.58,2.18,1.85,2.25,Triangle_5
-3252.0,51.06,87.59,91.59,76.94,94.25,9.32,50.59,48.56,46.82,56.4,51.06,2.18,1.88,2.23,Rectangle_4
-6198.0,70.22,120.66,123.65,108.17,130.17,11.3,69.68,68.31,64.15,76.57,70.22,2.14,1.91,2.23,Circle_4
-4211.5,57.78,99.38,103.31,89.14,105.7,8.95,57.39,55.34,53.82,63.02,57.78,2.17,1.91,2.21,Rectangle_5
-7704.5,89.35,145.68,170.5,93.13,173.42,45.53,84.91,73.35,71.03,110.36,89.35,2.43,1.4,2.45,Square_5
-5540.5,75.03,122.78,143.96,80.01,144.37,37.04,71.5,61.25,60.93,92.34,75.03,2.43,1.43,2.43,Square_4
-1949.0,39.45,67.74,70.26,60.03,72.92,6.8,39.12,37.87,36.16,43.34,39.45,2.16,1.89,2.23,Rectangle_3
-3683.0,60.2,98.84,110.22,68.01,118.31,27.01,57.4,52.81,46.61,72.77,60.2,2.33,1.5,2.45,Square_3
-5831.0,75.29,124.07,140.04,85.48,146.71,33.59,72.07,65.02,59.91,91.26,75.29,2.35,1.51,2.43,Square_4
-2006.0,40.16,68.84,71.02,60.54,74.95,7.45,39.75,38.76,36.21,44.29,40.16,2.16,1.88,2.25,Triangle_3
-5688.0,68.21,116.5,124.19,98.73,126.57,15.43,67.31,63.34,61.76,76.84,68.21,2.22,1.82,2.25,Circle_4
-3610.0,53.8,92.3,96.57,81.02,99.3,9.86,53.31,51.13,49.35,59.45,53.8,2.18,1.88,2.23,Circle_3
-2905.0,47.75,82.32,85.16,75.45,86.35,5.98,47.53,46.0,45.26,51.34,47.75,2.16,1.95,2.18,Triangle_4
-2994.0,48.57,83.63,82.29,78.23,90.35,6.17,48.28,49.21,44.25,51.37,48.57,2.07,1.98,2.23,Rectangle_4
-6321.5,86.2,137.63,166.65,77.52,168.72,52.06,80.77,67.64,65.91,108.76,86.2,2.51,1.24,2.53,Square_5
-1868.0,38.87,66.55,70.88,57.43,71.34,7.9,38.45,36.14,35.83,43.37,38.87,2.21,1.85,2.22,Rectangle_3
-2162.0,40.91,70.76,71.03,68.0,73.25,2.63,40.85,40.73,39.4,42.42,40.91,2.1,2.03,2.16,Rectangle_3
-5496.0,68.0,115.41,124.06,94.02,128.16,18.64,66.72,62.48,59.67,78.03,68.0,2.24,1.76,2.29,Circle_4
-2706.0,46.34,79.68,82.1,71.56,85.38,7.22,46.01,44.82,42.73,50.48,46.34,2.15,1.91,2.22,Triangle_4
-8522.0,82.74,141.87,147.71,124.4,153.5,15.4,81.94,79.06,75.3,91.46,82.74,2.17,1.87,2.24,Circle_5
-1803.0,38.6,65.68,66.07,56.86,74.11,8.63,37.92,38.13,32.84,42.79,38.6,2.12,1.85,2.31,Triangle_3
-2796.0,46.56,80.51,82.02,76.49,83.01,3.52,46.48,45.65,45.05,48.75,46.56,2.13,2.01,2.15,Triangle_4
-3517.5,57.85,95.81,110.06,67.0,110.37,24.95,55.63,48.56,48.33,70.0,57.85,2.38,1.53,2.38,Square_3
-3061.5,48.67,84.19,84.22,81.15,87.21,3.03,48.61,48.64,46.85,50.34,48.67,2.1,2.03,2.16,Rectangle_4
-4980.0,71.95,117.13,135.2,75.17,141.03,36.46,68.25,60.37,55.75,88.63,71.95,2.4,1.41,2.47,Square_4
-1832.5,37.71,65.18,65.19,62.27,68.1,2.91,37.63,37.68,35.93,39.3,37.71,2.1,2.02,2.17,Triangle_3
-5910.0,83.22,132.91,160.38,75.17,163.19,50.03,77.98,65.69,63.34,104.91,83.22,2.51,1.24,2.53,Square_5
-3153.0,51.1,86.91,87.82,74.81,98.08,11.66,50.18,50.24,43.46,56.83,51.1,2.12,1.85,2.31,Circle_3
-4126.5,56.96,98.14,98.76,90.67,105.0,7.19,56.66,56.51,52.63,60.86,56.96,2.11,1.96,2.21,Rectangle_5
-3833.5,54.68,94.39,91.68,91.14,100.34,5.17,54.49,56.12,50.94,56.41,54.68,2.05,2.04,2.2,Triangle_5
-3214.5,52.99,89.22,97.29,69.26,101.12,17.39,51.63,47.82,45.09,61.99,52.99,2.27,1.68,2.33,Rectangle_5
-7598.0,89.06,144.24,160.44,95.35,176.92,43.13,83.83,78.21,65.29,108.01,89.06,2.34,1.44,2.5,Circle_5
-3577.0,55.02,93.14,96.32,77.1,106.0,14.71,53.81,52.79,46.2,62.43,55.02,2.17,1.78,2.33,Circle_3
-3785.0,54.28,93.75,91.42,90.55,99.28,4.81,54.12,55.53,50.83,56.0,54.28,2.05,2.04,2.2,Triangle_5
-7860.0,81.11,137.84,150.36,112.75,150.42,21.73,79.69,73.08,73.04,92.95,81.11,2.26,1.76,2.26,Circle_5
-3824.0,60.08,99.48,109.77,71.34,117.34,24.66,57.69,53.4,47.74,71.92,60.08,2.3,1.56,2.42,Square_3
-5761.0,69.19,117.77,127.91,97.33,128.08,17.7,68.08,62.71,62.59,78.92,69.19,2.25,1.78,2.25,Circle_4
-5742.5,69.42,117.9,127.68,96.18,129.85,18.84,68.16,63.18,61.68,79.63,69.42,2.25,1.76,2.28,Circle_4
-3778.0,58.72,98.02,109.42,72.03,112.61,22.56,56.81,51.39,49.04,70.01,58.72,2.32,1.6,2.37,Square_3
-3650.0,58.33,96.88,107.28,70.06,113.3,23.42,56.17,51.62,47.14,69.75,58.33,2.31,1.58,2.4,Square_3
-2164.0,40.92,70.79,70.83,68.18,73.35,2.58,40.87,40.88,39.37,42.35,40.92,2.1,2.03,2.16,Rectangle_3
-2208.5,41.31,71.48,72.07,69.03,73.36,2.22,41.27,40.96,40.19,42.67,41.31,2.11,2.03,2.14,Rectangle_3
-7289.0,89.05,143.86,168.69,88.01,174.9,48.47,84.03,73.19,68.16,110.73,89.05,2.44,1.34,2.5,Square_5
-7271.5,88.43,143.18,167.86,88.46,173.22,47.47,83.59,72.63,68.31,109.82,88.43,2.44,1.36,2.49,Square_5
-1857.5,39.28,66.82,69.64,56.08,74.73,9.64,38.6,37.43,34.0,44.38,39.28,2.18,1.8,2.3,Rectangle_3
-1844.0,38.94,66.32,66.13,58.14,74.71,8.29,38.29,38.8,33.21,42.85,38.94,2.1,1.87,2.31,Rectangle_3
-2031.0,40.14,69.01,70.18,62.43,74.43,6.09,39.85,39.37,36.67,43.5,40.14,2.13,1.93,2.23,Triangle_3
-2048.5,40.54,69.52,71.85,61.29,75.43,7.35,40.15,39.06,36.74,44.65,40.54,2.16,1.88,2.24,Triangle_3
-4406.5,58.53,101.12,99.73,97.08,106.55,4.88,58.38,59.26,55.17,60.71,58.53,2.07,2.03,2.19,Rectangle_5
-4464.0,59.04,101.89,101.64,96.0,108.05,6.03,58.83,59.11,55.19,62.18,59.04,2.09,1.99,2.2,Rectangle_5
-2737.0,46.62,80.12,80.13,73.11,87.13,7.01,46.26,46.49,42.08,50.2,46.62,2.1,1.94,2.24,Triangle_4
-2714.5,46.17,79.56,78.39,74.81,85.48,5.43,45.93,46.74,42.4,48.65,46.17,2.07,1.99,2.22,Triangle_4
-2878.0,47.43,81.85,83.38,76.06,86.09,5.19,47.26,46.48,44.8,50.49,47.43,2.13,1.97,2.18,Rectangle_4
-2985.0,48.19,83.24,83.26,79.01,87.46,4.23,48.06,48.13,45.58,50.47,48.19,2.1,2.01,2.18,Rectangle_4
-4050.0,56.76,97.54,100.62,87.21,104.79,9.19,56.33,54.82,52.15,62.01,56.76,2.15,1.91,2.22,Rectangle_5
-3975.5,56.55,96.91,99.74,85.29,105.7,10.5,55.97,54.72,50.85,62.33,56.55,2.15,1.88,2.25,Rectangle_5
-3697.0,54.39,93.31,94.64,83.43,101.86,9.29,53.88,53.46,48.83,59.35,54.39,2.12,1.91,2.25,Circle_3
-3540.0,53.16,91.24,91.55,82.46,99.7,8.63,52.68,52.81,47.63,57.58,53.16,2.11,1.92,2.25,Circle_3
-5521.0,72.53,120.06,136.4,84.01,139.79,31.27,69.71,61.99,59.43,87.71,72.53,2.36,1.53,2.4,Square_4
-4837.0,71.32,115.98,136.12,73.06,138.75,37.19,67.65,58.36,56.26,88.33,71.32,2.44,1.38,2.47,Square_4
-4978.0,67.47,112.36,121.3,84.1,131.7,25.03,65.06,61.57,53.98,79.61,67.47,2.26,1.63,2.4,Circle_4
-4868.0,66.45,110.81,118.41,84.15,129.87,23.79,64.12,61.35,53.06,77.95,66.45,2.24,1.65,2.4,Circle_4
-3995.5,60.56,100.78,108.93,75.11,118.31,22.72,58.36,55.19,48.32,71.56,60.56,2.26,1.62,2.4,Square_3
-3790.5,59.1,98.39,108.52,72.06,114.59,23.0,57.02,52.57,48.09,70.41,59.1,2.3,1.59,2.39,Square_3
-2087.5,40.38,69.67,67.54,67.19,74.3,4.01,40.22,41.51,37.46,41.7,40.38,2.04,2.03,2.21,Rectangle_3
-2063.0,39.87,69.04,68.88,68.07,70.18,1.07,39.86,39.96,39.2,40.42,39.87,2.09,2.07,2.12,Rectangle_3
-3616.5,58.09,96.56,109.38,69.07,111.23,23.83,56.02,49.8,48.42,69.85,58.09,2.35,1.56,2.38,Square_3
-3597.5,58.85,97.26,112.29,67.12,112.36,26.1,56.5,49.05,49.0,71.46,58.85,2.39,1.51,2.39,Square_3
-8111.0,81.44,139.1,147.85,118.04,151.4,18.32,80.37,75.9,73.53,91.67,81.44,2.21,1.82,2.25,Circle_5
-8176.5,82.05,139.89,147.38,118.0,154.29,19.27,80.83,77.27,72.64,92.57,82.05,2.2,1.81,2.28,Circle_5
-3079.0,48.93,84.55,85.98,79.63,88.02,4.38,48.81,48.06,46.81,51.58,48.93,2.13,1.99,2.17,Rectangle_4
-3106.5,49.24,85.0,86.73,79.23,89.04,5.13,49.08,48.18,46.75,52.31,49.24,2.13,1.97,2.18,Rectangle_4
-3917.5,54.95,95.15,95.01,93.54,96.9,1.68,54.93,55.03,53.91,55.86,54.95,2.09,2.07,2.13,Triangle_5
-3910.5,54.91,95.07,96.05,92.78,96.38,1.99,54.89,54.34,54.14,56.2,54.91,2.11,2.05,2.12,Triangle_5
-3845.5,60.23,99.84,111.61,71.03,116.87,25.09,57.92,52.65,48.7,72.41,60.23,2.33,1.55,2.4,Square_3
-4015.5,61.26,101.74,113.56,73.06,118.6,24.96,59.01,53.65,49.89,73.47,61.26,2.32,1.57,2.4,Square_3
-4560.0,71.71,115.09,135.53,68.18,141.55,40.73,67.33,58.69,53.75,89.54,71.71,2.46,1.3,2.52,Square_4
-4492.5,70.17,113.07,131.31,69.26,138.65,38.12,66.02,58.5,52.55,87.01,70.17,2.43,1.34,2.51,Square_4
-7882.0,88.52,145.41,168.29,97.05,170.88,41.9,84.59,73.72,71.71,108.33,88.52,2.4,1.46,2.42,Square_5
-7850.5,88.84,145.65,169.54,96.01,171.4,43.0,84.78,73.37,71.92,109.05,88.84,2.41,1.44,2.43,Square_5
-3000.5,48.64,83.76,86.82,76.01,88.46,6.77,48.37,46.75,45.71,52.65,48.64,2.16,1.93,2.19,Triangle_4
-2839.5,47.37,81.53,83.6,73.93,87.05,6.8,47.08,46.06,43.88,51.28,47.37,2.14,1.93,2.21,Triangle_4
-6793.0,87.58,140.54,165.74,83.1,172.8,49.88,82.23,71.54,65.73,109.42,87.58,2.46,1.3,2.52,Square_5
-6507.5,86.33,138.3,164.68,80.31,169.92,50.3,81.01,69.54,65.21,108.29,86.33,2.48,1.28,2.53,Square_5
-4120.5,57.12,98.22,96.34,91.42,106.89,7.91,56.7,58.01,51.48,60.61,57.12,2.06,1.97,2.24,Triangle_5
-3879.0,55.24,95.15,94.2,88.84,102.42,6.84,54.93,55.67,50.6,58.53,55.24,2.08,1.98,2.22,Triangle_5
-8106.5,82.4,139.99,150.21,114.76,155.0,21.98,80.92,75.88,72.6,94.28,82.4,2.23,1.77,2.29,Circle_5
-7922.0,81.84,138.78,151.25,111.99,153.1,23.22,80.25,73.85,72.57,94.34,81.84,2.26,1.74,2.28,Circle_5
-1797.5,37.75,64.9,65.46,59.08,70.18,5.57,37.47,37.33,34.36,40.73,37.75,2.11,1.94,2.23,Triangle_3
-1850.5,37.95,65.55,66.89,61.59,68.18,3.49,37.85,37.13,36.34,40.07,37.95,2.13,1.99,2.16,Triangle_3
-3858.0,55.13,94.93,94.89,87.82,102.08,7.13,54.81,55.04,50.57,58.82,55.13,2.1,1.96,2.22,Triangle_5
-3816.0,55.06,94.65,97.32,84.91,101.71,8.72,54.66,53.37,50.57,60.02,55.06,2.15,1.91,2.22,Triangle_5
-4291.5,58.29,100.23,98.68,93.02,109.0,8.1,57.86,59.0,52.6,61.99,58.29,2.07,1.97,2.24,Rectangle_5
-4432.0,59.35,101.96,101.14,93.54,111.21,8.87,58.86,59.63,53.32,63.64,59.35,2.08,1.95,2.25,Rectangle_5
-3407.0,52.39,89.78,94.58,78.1,96.65,10.16,51.86,49.37,48.02,58.19,52.39,2.19,1.86,2.23,Circle_3
-3522.0,53.5,91.51,97.72,78.31,98.49,11.43,52.87,49.57,49.06,59.97,53.5,2.22,1.83,2.23,Circle_3
-1943.0,39.38,67.56,64.66,63.56,74.46,6.0,39.0,40.81,34.8,41.38,39.38,2.02,1.99,2.27,Triangle_3
-1887.0,38.81,66.59,65.07,61.47,73.24,6.03,38.44,39.51,34.42,41.39,38.81,2.06,1.96,2.26,Triangle_3
-3560.0,57.39,95.55,107.7,69.03,109.93,23.0,55.42,49.55,47.89,68.8,57.39,2.34,1.57,2.37,Square_3
-3726.0,59.39,98.45,112.38,69.26,113.72,25.29,57.15,50.36,49.35,71.74,59.39,2.36,1.54,2.38,Square_3
-5370.0,67.1,113.85,117.88,95.05,128.63,17.15,65.77,64.35,57.07,75.9,67.1,2.17,1.8,2.32,Circle_4
-5371.5,67.2,113.94,117.63,95.05,129.14,17.34,65.82,64.62,56.83,76.01,67.2,2.16,1.79,2.32,Circle_4
-3633.0,54.85,93.43,100.72,77.65,101.92,13.68,54.0,50.21,49.4,62.39,54.85,2.24,1.79,2.26,Circle_3
-3482.0,54.33,92.08,100.57,74.03,101.64,15.64,53.25,48.88,48.14,62.72,54.33,2.26,1.74,2.28,Circle_3
-7597.5,81.79,137.51,151.4,105.48,155.65,27.82,79.6,72.86,69.81,96.13,81.79,2.29,1.66,2.33,Circle_5
-7557.5,81.52,137.12,152.2,105.12,154.03,27.73,79.38,71.79,70.48,95.88,81.52,2.3,1.66,2.32,Circle_5
-4146.0,56.72,98.05,98.98,93.19,101.98,4.47,56.61,56.15,54.33,59.36,56.72,2.11,2.01,2.16,Triangle_5
-4122.0,56.63,97.82,95.19,94.83,103.45,4.88,56.47,58.05,53.13,58.24,56.63,2.05,2.04,2.19,Triangle_5
-8646.5,91.12,150.64,172.17,104.39,175.35,40.08,87.5,77.21,74.78,110.5,91.12,2.37,1.51,2.4,Square_5
-8798.0,91.52,151.53,172.35,106.08,176.16,39.41,87.98,78.08,75.19,110.67,91.52,2.36,1.53,2.4,Square_5
-3186.0,50.16,86.35,89.69,78.06,91.3,7.23,49.86,48.09,47.07,54.44,50.16,2.16,1.92,2.2,Rectangle_4
-3262.0,50.62,87.25,89.55,80.01,92.18,6.41,50.38,49.19,47.55,54.4,50.62,2.14,1.95,2.19,Rectangle_4
-2555.5,44.53,76.98,78.29,73.03,79.61,3.48,44.44,43.73,42.93,46.67,44.53,2.13,2.0,2.15,Rectangle_3
-2558.5,44.56,77.03,78.29,73.03,79.76,3.54,44.47,43.79,42.9,46.72,44.56,2.12,2.0,2.16,Rectangle_3
-5194.5,71.69,117.87,136.97,79.01,137.64,33.66,68.56,59.27,58.75,87.67,71.69,2.4,1.47,2.41,Square_4
-5486.5,72.69,120.09,137.03,83.02,140.22,32.14,69.76,61.76,59.33,88.18,72.69,2.37,1.51,2.41,Square_4
-4078.0,56.31,97.29,97.62,92.27,101.98,4.87,56.17,56.07,53.42,59.02,56.31,2.1,2.0,2.18,Triangle_5
-4026.0,55.8,96.54,96.75,93.13,99.73,3.3,55.74,55.66,53.87,57.68,55.8,2.1,2.03,2.15,Triangle_5
-5898.5,69.35,118.49,123.31,101.79,130.36,14.88,68.44,66.25,61.59,77.49,69.35,2.17,1.84,2.27,Circle_4
-5851.0,69.06,117.97,121.08,102.18,130.65,14.49,68.13,66.97,60.67,76.75,69.06,2.15,1.85,2.28,Circle_4
-8156.0,81.94,139.65,144.22,119.1,155.62,18.68,80.66,78.89,71.3,91.8,81.94,2.16,1.83,2.29,Circle_5
-8402.0,82.88,141.55,149.05,120.51,155.08,18.47,81.78,78.12,74.11,93.1,82.88,2.19,1.83,2.26,Circle_5
-1948.5,39.08,67.39,68.68,62.24,71.25,4.64,38.91,38.28,36.67,41.79,39.08,2.13,1.96,2.19,Triangle_3
-1861.5,38.86,66.46,68.68,57.71,73.0,7.88,38.39,37.42,34.58,43.16,38.86,2.16,1.86,2.27,Triangle_3
-2920.0,48.11,82.71,82.04,76.16,89.94,6.92,47.75,48.36,43.42,51.47,48.11,2.08,1.96,2.24,Triangle_4
-2898.5,47.78,82.28,81.61,76.54,88.68,6.1,47.5,48.06,43.68,50.77,47.78,2.08,1.97,2.23,Triangle_4
-4871.0,71.8,116.63,137.03,73.01,139.84,37.8,68.05,58.68,56.43,89.03,71.8,2.44,1.37,2.47,Square_4
-4406.5,71.59,114.5,138.92,65.12,139.47,42.77,67.16,55.87,55.4,90.22,71.59,2.51,1.25,2.52,Square_4
-2910.5,50.38,84.89,94.03,65.73,94.89,16.59,49.13,44.48,43.87,59.04,50.38,2.29,1.68,2.31,Circle_3
-2901.5,51.06,85.51,95.44,63.89,97.19,18.74,49.54,44.65,43.38,60.58,51.06,2.31,1.62,2.34,Circle_3
-2809.0,47.76,81.69,85.87,70.26,88.96,10.02,47.19,45.12,43.08,53.37,47.76,2.19,1.84,2.25,Rectangle_4
-2744.0,46.92,80.48,84.22,70.58,86.65,8.66,46.48,44.58,43.0,51.88,46.92,2.18,1.87,2.23,Rectangle_4
-3626.5,53.82,92.4,95.46,82.01,99.73,9.25,53.36,51.89,49.14,59.06,53.82,2.16,1.89,2.23,Circle_3
-3635.5,53.52,92.18,94.54,84.01,98.01,7.29,53.23,52.05,49.87,57.76,53.52,2.14,1.94,2.2,Circle_3
-4699.5,72.89,117.09,140.12,68.59,142.56,42.02,68.56,58.14,56.13,91.41,72.89,2.48,1.29,2.51,Square_4
-4870.0,72.53,117.39,138.46,72.03,141.68,39.32,68.56,59.02,56.42,90.25,72.53,2.45,1.35,2.49,Square_4
-4796.0,66.58,110.85,124.34,80.31,127.91,26.51,64.28,57.89,55.23,79.72,66.58,2.33,1.58,2.38,Circle_4
-4944.5,67.57,112.45,124.15,82.15,131.03,26.46,65.17,60.02,54.93,80.57,67.57,2.3,1.59,2.39,Circle_4
-2146.0,40.89,70.62,72.47,66.03,73.35,4.0,40.77,39.76,39.22,43.34,40.89,2.14,1.98,2.16,Rectangle_3
-2165.0,41.23,71.07,73.82,65.07,74.32,5.2,41.04,39.53,39.22,44.36,41.23,2.16,1.94,2.18,Rectangle_3
-3056.5,49.26,84.65,83.73,77.93,92.31,7.23,48.87,49.64,44.28,52.69,49.26,2.08,1.96,2.25,Triangle_4
-2840.0,47.54,81.64,80.06,75.43,89.44,7.14,47.13,48.27,42.42,50.69,47.54,2.06,1.96,2.26,Triangle_4
-6390.5,85.46,137.08,165.89,79.31,166.03,50.03,80.32,66.82,66.71,107.44,85.46,2.51,1.27,2.51,Square_5
-6639.0,86.73,139.31,167.73,81.3,168.91,50.24,81.59,68.43,67.46,108.89,86.73,2.49,1.28,2.51,Square_5
-2012.5,39.38,68.19,68.43,67.03,69.12,1.06,39.37,39.24,38.83,40.03,39.38,2.1,2.06,2.12,Triangle_3
-1925.0,38.6,66.76,67.19,64.14,68.96,2.44,38.55,38.33,37.27,40.04,38.6,2.11,2.03,2.15,Triangle_3
-4264.0,58.56,100.38,103.87,88.09,109.17,10.96,57.97,56.34,52.9,64.68,58.56,2.16,1.88,2.25,Rectangle_5
-4139.0,58.08,99.2,101.24,86.28,110.07,12.02,57.29,56.64,50.85,64.36,58.08,2.14,1.86,2.28,Rectangle_5
-2671.5,46.54,79.62,82.64,69.01,87.21,9.47,45.99,44.6,41.6,51.75,46.54,2.17,1.86,2.26,Rectangle_4
-2819.0,47.88,81.84,84.15,71.01,90.35,9.88,47.27,46.34,42.27,53.18,47.88,2.15,1.86,2.27,Rectangle_4
-8300.0,84.66,142.93,158.11,112.07,158.62,26.73,82.71,74.86,74.51,98.75,84.66,2.29,1.7,2.3,Circle_5
-7692.0,82.66,138.76,155.6,105.0,155.67,29.23,80.36,71.73,71.68,97.67,82.66,2.32,1.64,2.32,Circle_5
-2586.0,44.63,77.29,77.67,76.32,77.88,0.84,44.62,44.41,44.28,45.18,44.63,2.1,2.07,2.11,Triangle_4
-2722.0,45.91,79.4,79.76,76.16,82.29,3.08,45.84,45.69,44.16,47.69,45.91,2.1,2.02,2.16,Triangle_4
-3847.5,55.3,95.04,97.94,85.15,102.04,8.81,54.89,53.47,50.85,60.33,55.3,2.15,1.91,2.22,Rectangle_5
-3910.0,55.82,95.9,101.13,85.0,101.55,9.44,55.38,52.54,52.27,61.33,55.82,2.19,1.89,2.2,Rectangle_5
-2904.0,47.58,82.14,80.1,79.12,87.2,4.41,47.42,48.66,44.41,49.19,47.58,2.05,2.03,2.2,Triangle_4
-2975.0,48.13,83.13,84.02,78.26,87.09,4.48,47.99,47.56,45.69,50.73,48.13,2.11,1.99,2.18,Triangle_4
-2968.5,47.81,82.81,83.19,81.84,83.38,0.84,47.81,47.59,47.48,48.36,47.81,2.1,2.07,2.11,Triangle_4
-3016.5,48.21,83.48,83.86,82.05,84.53,1.28,48.2,47.99,47.59,49.02,48.21,2.1,2.06,2.12,Triangle_4
-2787.0,46.48,80.37,81.61,76.48,83.02,3.44,46.4,45.73,44.88,48.6,46.48,2.12,2.01,2.15,Triangle_4
-2762.5,46.29,80.03,81.02,76.06,83.01,3.58,46.21,45.69,44.48,48.45,46.29,2.12,2.01,2.16,Triangle_4
-2866.0,47.0,81.38,80.99,80.13,83.02,1.49,46.99,47.22,46.03,47.71,47.0,2.09,2.07,2.13,Triangle_4
-2886.0,47.21,81.71,82.1,79.2,83.82,2.33,47.17,46.97,45.95,48.6,47.21,2.1,2.04,2.14,Triangle_4
-2794.5,46.62,80.55,82.93,75.66,83.05,4.23,46.51,45.18,45.1,49.24,46.62,2.15,1.99,2.15,Triangle_4
-2870.5,47.14,81.53,81.1,78.77,84.72,3.0,47.07,47.36,45.2,48.65,47.14,2.09,2.04,2.16,Triangle_4
-2850.0,47.06,81.32,80.61,77.83,85.51,3.89,46.95,47.42,44.47,48.95,47.06,2.08,2.02,2.18,Triangle_4
-2753.0,46.52,80.14,77.9,76.06,86.47,5.56,46.26,47.67,42.46,48.65,46.52,2.05,2.01,2.23,Triangle_4
-2715.0,46.65,80.02,83.24,70.46,86.38,8.43,46.22,44.62,42.59,51.44,46.65,2.17,1.88,2.23,Rectangle_4
-2898.0,47.98,82.48,84.91,73.98,88.54,7.58,47.63,46.45,44.13,52.31,47.98,2.15,1.91,2.22,Rectangle_4
-3040.5,50.93,85.84,82.64,75.17,99.72,12.59,49.51,52.03,40.84,55.68,50.93,2.04,1.88,2.37,Rectangle_4
-3082.0,50.63,85.94,83.67,76.06,98.08,11.18,49.59,51.43,42.1,55.23,50.63,2.06,1.89,2.33,Rectangle_4
-2913.0,49.49,83.87,85.38,70.71,95.52,12.48,48.43,48.26,41.44,55.61,49.49,2.14,1.81,2.33,Rectangle_4
-2846.5,48.45,82.49,83.22,71.4,92.85,10.74,47.63,47.74,41.4,53.74,48.45,2.12,1.85,2.31,Rectangle_4
-3141.0,49.57,85.53,88.57,79.01,89.01,5.65,49.38,47.71,47.43,53.01,49.57,2.16,1.96,2.17,Rectangle_4
-2989.0,48.72,83.72,82.87,77.01,91.27,7.17,48.33,49.05,43.8,52.14,48.72,2.08,1.95,2.25,Rectangle_4
-2915.0,47.72,82.36,83.82,76.66,86.61,5.13,47.55,46.82,45.09,50.75,47.72,2.13,1.97,2.18,Rectangle_4
-3077.0,49.22,84.79,88.02,77.16,89.19,6.63,48.96,47.22,46.49,53.18,49.22,2.16,1.93,2.19,Rectangle_4
-3009.5,48.52,83.71,84.6,77.93,88.6,5.39,48.33,47.95,45.47,51.58,48.52,2.12,1.97,2.2,Rectangle_4
-2943.5,47.85,82.66,83.63,78.01,86.35,4.26,47.73,47.25,45.58,50.35,47.85,2.12,2.0,2.17,Rectangle_4
-1852.5,39.02,66.45,65.07,59.17,75.11,8.06,38.35,39.51,33.05,42.49,39.02,2.07,1.9,2.32,Triangle_3
-1836.5,38.84,66.19,66.53,57.7,74.33,8.32,38.21,38.42,33.31,42.91,38.84,2.11,1.87,2.3,Triangle_3
-1912.5,39.45,67.39,68.01,59.17,75.0,7.93,38.91,38.91,34.37,43.46,39.45,2.12,1.88,2.29,Triangle_3
-1982.0,39.89,68.37,69.03,61.06,75.03,7.01,39.48,39.37,35.52,43.54,39.89,2.12,1.9,2.26,Triangle_3
-1826.0,38.51,65.85,68.59,56.86,72.11,7.99,38.04,36.76,34.44,42.92,38.51,2.17,1.85,2.26,Triangle_3
-1755.5,37.96,64.71,65.86,55.95,72.34,8.26,37.37,37.1,32.83,42.18,37.96,2.13,1.85,2.3,Triangle_3
-2050.0,40.61,69.6,72.11,61.03,75.66,7.63,40.2,39.02,36.7,44.88,40.61,2.16,1.87,2.25,Triangle_3
-1704.0,38.18,64.59,71.0,51.26,71.51,11.54,37.36,34.06,33.71,44.32,38.18,2.28,1.72,2.29,Triangle_3
-1640.5,37.63,63.5,68.43,50.21,71.87,11.64,36.73,34.46,32.04,43.68,37.63,2.24,1.71,2.33,Triangle_3
-1387.5,34.54,58.26,60.67,47.27,66.85,10.01,33.67,32.87,28.6,39.53,34.54,2.18,1.75,2.35,Triangle_3
-1676.0,39.07,64.79,64.44,52.5,77.41,12.46,37.38,38.51,29.49,44.14,39.07,2.11,1.75,2.42,Triangle_3
-1611.0,38.5,63.87,66.6,49.04,75.95,13.66,36.92,36.38,29.65,44.73,38.5,2.2,1.66,2.42,Triangle_3
-3640.0,58.44,96.88,106.51,70.0,114.13,23.59,56.16,52.18,46.51,69.79,58.44,2.3,1.57,2.41,Square_3
-3887.0,58.99,98.76,107.2,75.01,114.06,20.85,57.17,53.52,48.56,69.42,58.99,2.26,1.65,2.37,Square_3
-3854.5,58.77,98.38,107.06,74.55,113.53,20.89,56.96,53.16,48.47,69.24,58.77,2.27,1.64,2.37,Square_3
-4135.5,59.81,100.85,107.56,80.01,114.97,18.42,58.32,55.44,50.25,69.26,59.81,2.23,1.72,2.34,Square_3
-2783.0,55.87,89.88,107.45,53.04,109.14,31.91,52.6,44.6,43.21,70.0,55.87,2.48,1.3,2.51,Square_3
-2841.5,54.63,88.87,104.55,56.01,106.04,28.46,51.83,44.51,43.32,67.67,54.63,2.44,1.38,2.46,Square_3
-3134.0,57.99,93.95,110.48,58.08,113.3,31.1,54.85,47.39,45.12,72.04,57.99,2.44,1.36,2.48,Square_3
-2807.0,54.83,88.89,105.19,54.92,106.57,29.43,51.9,44.32,43.21,68.17,54.83,2.45,1.36,2.47,Square_3
-2957.5,58.37,93.36,110.68,54.12,115.28,34.06,54.68,47.36,43.55,73.14,58.37,2.47,1.27,2.54,Square_3
-3204.0,57.34,93.65,109.44,60.46,111.04,28.75,54.56,47.13,45.87,70.68,57.34,2.42,1.42,2.45,Square_3
-3013.5,56.54,91.48,103.83,58.6,112.0,28.77,53.27,48.51,42.01,69.3,56.54,2.38,1.4,2.5,Square_3
-3323.5,59.42,96.16,109.59,61.29,117.6,30.46,56.02,50.73,44.35,72.97,59.42,2.39,1.4,2.5,Square_3
-2146.5,40.81,70.54,69.03,68.54,74.06,3.06,40.73,41.63,38.65,41.9,40.81,2.06,2.05,2.18,Rectangle_3
-2150.0,41.06,70.78,68.26,68.01,76.06,4.58,40.86,42.37,37.69,42.51,41.06,2.03,2.03,2.22,Rectangle_3
-1931.0,38.56,66.79,67.12,66.01,67.23,0.68,38.56,38.37,38.3,39.01,38.56,2.1,2.07,2.11,Rectangle_3
-2254.5,41.81,72.28,71.12,70.06,75.66,2.98,41.73,42.44,39.73,43.02,41.81,2.07,2.04,2.17,Rectangle_3
-2011.5,39.37,68.17,68.6,67.03,68.88,1.0,39.36,39.12,38.95,40.01,39.37,2.11,2.07,2.11,Rectangle_3
-2170.0,40.88,70.8,70.71,70.0,71.69,0.85,40.88,40.93,40.36,41.34,40.88,2.09,2.07,2.12,Rectangle_3
-1929.0,39.32,67.42,68.15,60.3,73.82,6.79,38.93,38.77,35.14,42.88,39.32,2.12,1.91,2.26,Rectangle_3
-2032.0,40.23,69.06,65.97,65.28,75.93,5.96,39.86,41.77,35.69,42.13,40.23,2.02,2.0,2.26,Rectangle_3
-1723.5,37.64,64.08,61.98,57.7,72.56,7.65,36.98,38.51,31.76,40.67,37.64,2.05,1.92,2.32,Rectangle_3
-1737.0,39.56,65.71,63.64,55.08,78.41,11.8,37.88,39.88,29.85,43.92,39.56,2.06,1.8,2.42,Rectangle_3
-1847.5,38.33,65.84,65.37,60.31,71.85,5.78,38.01,38.48,34.41,41.14,38.33,2.09,1.95,2.25,Rectangle_3
-1897.0,38.77,66.65,64.88,62.37,72.69,5.38,38.47,39.63,34.83,40.96,38.77,2.05,1.98,2.25,Rectangle_3
-3697.0,53.87,92.83,89.82,88.75,99.92,6.16,53.59,55.43,49.33,56.0,53.87,2.04,2.02,2.22,Triangle_5
-3673.5,53.27,92.19,92.23,89.4,94.94,2.77,53.23,53.24,51.62,54.82,53.27,2.1,2.04,2.15,Triangle_5
-3867.5,54.86,94.76,93.11,91.0,100.17,4.8,54.71,55.74,51.5,56.89,54.86,2.07,2.03,2.19,Triangle_5
-3931.0,55.32,95.55,96.38,90.09,100.17,5.09,55.17,54.78,52.47,58.24,55.32,2.11,1.99,2.18,Triangle_5
-3898.5,55.21,95.24,92.7,91.24,101.79,5.71,54.99,56.55,51.07,57.33,55.21,2.05,2.02,2.21,Triangle_5
-3762.0,54.09,93.44,91.4,90.24,98.68,4.57,53.95,55.19,50.84,55.82,54.09,2.06,2.04,2.19,Triangle_5
-3619.0,53.11,91.71,92.2,86.35,96.57,5.12,52.95,52.77,50.1,55.97,53.11,2.11,1.99,2.19,Triangle_5
-3754.0,53.99,93.32,93.56,88.81,97.58,4.39,53.88,53.82,51.38,56.43,53.99,2.1,2.01,2.17,Triangle_5
-3707.0,53.45,92.55,92.65,90.96,94.05,1.55,53.43,53.39,52.57,54.35,53.45,2.1,2.06,2.12,Triangle_5
-3638.0,53.05,91.77,91.81,88.57,94.94,3.19,52.98,53.0,51.13,54.81,53.05,2.1,2.03,2.15,Triangle_5
-3579.0,52.87,91.24,91.41,85.7,96.61,5.45,52.68,52.7,49.52,55.81,52.87,2.1,1.99,2.2,Triangle_5
-3555.0,52.79,91.02,91.08,84.91,97.06,6.08,52.55,52.67,48.98,56.0,52.79,2.1,1.98,2.21,Triangle_5
-3318.5,53.76,90.51,96.69,71.25,103.59,17.03,52.35,49.74,44.87,62.43,53.76,2.23,1.7,2.35,Rectangle_5
-3487.0,54.55,92.28,99.14,73.98,103.73,16.02,53.36,50.15,46.96,62.99,54.55,2.24,1.73,2.31,Rectangle_5
-3853.5,55.51,95.27,98.84,84.29,102.69,9.71,55.02,53.26,50.77,61.03,55.51,2.16,1.89,2.23,Rectangle_5
-3979.0,56.27,96.7,101.24,86.01,102.86,9.3,55.85,53.44,52.4,61.7,56.27,2.18,1.9,2.21,Rectangle_5
-3681.0,55.01,93.72,94.24,81.61,105.31,11.86,54.11,54.38,47.13,60.81,55.01,2.11,1.86,2.31,Rectangle_5
-3659.0,55.54,93.98,93.23,80.8,107.91,13.57,54.24,55.43,45.7,61.59,55.54,2.09,1.84,2.35,Rectangle_5
-3608.0,54.28,92.66,94.02,80.71,103.24,11.33,53.5,53.23,47.2,60.08,54.28,2.13,1.86,2.29,Rectangle_5
-3450.0,53.38,90.96,96.05,76.32,100.5,12.87,52.56,50.14,47.14,60.39,53.38,2.2,1.8,2.28,Rectangle_5
-3508.0,53.49,91.41,96.38,78.03,99.81,11.71,52.81,50.34,48.07,60.01,53.49,2.2,1.83,2.26,Rectangle_5
-3750.0,54.98,94.2,98.62,82.01,101.98,10.69,54.41,52.2,50.0,61.03,54.98,2.18,1.86,2.24,Rectangle_5
-3547.0,53.8,91.94,98.35,78.16,99.3,11.94,53.12,49.74,49.11,60.51,53.8,2.22,1.82,2.24,Rectangle_5
-3733.0,54.75,93.9,99.74,82.02,99.92,10.28,54.24,51.07,50.96,60.68,54.75,2.21,1.87,2.21,Rectangle_5
-5677.0,68.25,116.49,124.34,98.25,126.87,15.85,67.31,63.28,61.58,77.07,68.25,2.22,1.81,2.25,Circle_4
-5542.5,67.4,115.06,123.0,97.19,125.0,15.51,66.49,62.37,61.03,76.06,67.4,2.22,1.81,2.25,Circle_4
-5526.0,68.14,115.69,124.53,94.37,128.16,18.55,66.88,62.5,60.0,78.15,68.14,2.24,1.76,2.29,Circle_4
-5344.0,67.72,114.48,125.8,90.52,127.12,20.76,66.23,60.44,59.52,78.72,67.72,2.28,1.71,2.3,Circle_4
-5112.0,67.05,112.77,124.45,86.53,127.31,22.76,65.28,59.54,57.49,78.82,67.05,2.29,1.66,2.33,Circle_4
-5107.5,67.2,112.89,125.0,86.05,127.63,23.28,65.37,59.41,57.51,79.18,67.2,2.3,1.65,2.33,Circle_4
-5368.5,67.38,114.15,120.15,93.43,128.88,18.47,65.98,63.46,57.47,77.0,67.38,2.2,1.76,2.32,Circle_4
-5345.0,66.95,113.71,122.2,93.02,125.92,18.02,65.74,61.54,58.98,76.68,66.95,2.23,1.76,2.29,Circle_4
-5492.0,67.18,114.61,121.66,96.63,125.54,15.69,66.22,62.71,60.1,75.85,67.18,2.21,1.81,2.26,Circle_4
-5461.0,67.54,114.77,121.2,95.04,128.08,17.43,66.33,63.41,58.72,76.85,67.54,2.2,1.78,2.3,Circle_4
-5244.0,66.26,112.55,119.24,92.78,125.64,17.42,65.05,61.98,57.61,75.57,66.26,2.21,1.78,2.3,Circle_4
-5271.5,66.73,113.14,121.02,91.92,126.48,18.58,65.41,61.69,57.92,76.62,66.73,2.23,1.75,2.3,Circle_4
-3287.0,53.16,89.74,95.27,71.85,102.11,15.87,51.89,49.55,44.78,61.32,53.16,2.22,1.73,2.34,Circle_3
-3349.0,54.18,91.19,101.21,70.18,102.18,18.2,52.79,47.71,47.02,63.64,54.18,2.3,1.67,2.32,Circle_3
-3250.0,51.44,87.94,92.44,75.33,96.04,11.07,50.8,48.59,46.21,57.61,51.44,2.19,1.84,2.26,Circle_3
-3234.5,51.65,88.03,92.85,74.06,97.17,12.29,50.86,48.57,45.67,58.35,51.65,2.2,1.81,2.28,Circle_3
-3401.0,53.11,90.34,93.11,76.53,101.39,12.66,52.18,51.21,45.67,59.67,53.11,2.16,1.82,2.31,Circle_3
-3274.5,52.64,89.13,92.59,73.55,101.24,14.17,51.5,50.27,44.36,59.85,52.64,2.18,1.78,2.33,Circle_3
-3511.0,54.13,91.98,96.18,76.66,103.12,13.72,53.15,51.39,46.69,61.37,54.13,2.19,1.79,2.31,Circle_3
-3311.5,52.49,89.29,94.54,74.17,99.16,13.3,51.6,49.14,46.0,59.67,52.49,2.21,1.79,2.29,Circle_3
-3227.0,52.94,89.2,95.88,70.18,101.55,16.72,51.6,48.63,44.63,61.54,52.94,2.24,1.7,2.34,Circle_3
-3356.0,53.8,90.83,98.67,71.61,102.22,16.74,52.55,48.78,46.28,62.57,53.8,2.26,1.71,2.32,Circle_3
-3426.0,53.56,90.97,96.21,75.06,101.64,14.04,52.57,50.19,46.49,61.04,53.56,2.21,1.78,2.3,Circle_3
-3352.0,53.67,90.63,96.51,72.44,102.93,16.07,52.4,49.86,45.37,61.97,53.67,2.22,1.73,2.33,Circle_3
-5569.5,85.59,134.14,164.22,68.36,169.85,57.04,79.2,66.73,61.85,109.02,85.59,2.56,1.12,2.61,Square_5
-5622.0,84.67,133.42,163.22,69.72,167.32,55.2,78.66,65.89,62.37,107.71,84.67,2.55,1.15,2.59,Square_5
-5950.5,83.73,133.65,162.52,75.06,163.37,50.74,78.45,65.18,64.47,105.71,83.73,2.52,1.23,2.53,Square_5
-6018.0,84.65,134.89,164.0,75.01,165.66,51.87,79.22,66.03,64.64,107.0,84.65,2.52,1.22,2.54,Square_5
-6129.0,85.13,135.56,161.55,76.69,168.43,51.1,79.51,68.64,62.89,107.01,85.13,2.49,1.24,2.55,Square_5
-6165.5,84.92,135.35,159.88,77.8,168.36,50.02,79.3,69.31,62.26,106.33,84.92,2.47,1.26,2.55,Square_5
-5919.5,84.48,134.22,161.7,74.17,166.78,52.07,78.85,67.07,62.78,106.68,84.48,2.51,1.21,2.56,Square_5
-6309.0,85.68,136.78,162.25,78.64,169.45,50.48,80.15,69.5,63.52,107.44,85.68,2.48,1.26,2.54,Square_5
-5758.5,84.56,133.84,163.62,71.56,166.35,53.95,78.8,65.67,63.34,107.38,84.56,2.54,1.18,2.57,Square_5
-6074.5,85.38,135.77,163.62,75.29,168.39,52.43,79.74,67.72,63.71,107.8,85.38,2.51,1.22,2.55,Square_5
-5601.0,82.82,131.41,161.55,71.06,161.62,52.27,77.32,63.46,63.4,105.09,82.82,2.55,1.19,2.55,Square_5
-5531.0,82.9,131.23,161.07,70.03,162.59,53.01,77.27,63.89,62.59,105.34,82.9,2.55,1.17,2.56,Square_5
-7525.5,83.74,139.24,157.72,99.73,160.25,34.24,80.78,71.78,69.89,100.65,83.74,2.35,1.56,2.37,Circle_5
-7081.5,82.01,135.87,154.94,95.26,157.41,35.19,78.88,69.68,67.81,99.16,82.01,2.36,1.53,2.39,Circle_5
-6892.5,80.43,133.49,150.03,95.19,155.26,33.28,77.45,69.78,65.86,96.71,80.43,2.34,1.55,2.39,Circle_5
-6667.5,80.2,132.46,151.61,91.35,154.43,35.63,76.95,67.83,65.67,97.37,80.2,2.37,1.51,2.4,Circle_5
-6877.0,81.01,133.99,150.65,94.05,157.28,34.75,77.78,70.29,65.27,97.76,81.01,2.34,1.53,2.41,Circle_5
-6534.0,79.09,130.68,146.05,91.78,154.21,33.93,75.84,69.18,63.01,95.34,79.09,2.33,1.53,2.42,Circle_5
-6160.0,79.28,129.23,145.26,85.91,156.52,37.94,75.14,68.85,60.06,96.51,79.28,2.35,1.45,2.48,Circle_5
-5938.0,78.12,127.11,142.56,84.22,154.55,37.62,73.9,68.01,58.64,95.06,78.12,2.35,1.45,2.48,Circle_5
-6625.5,78.95,130.61,141.03,95.57,155.23,31.17,75.65,71.93,61.42,93.6,78.95,2.27,1.59,2.43,Circle_5
-6532.0,79.13,130.33,140.73,94.05,156.22,32.36,75.51,72.03,60.46,94.03,79.13,2.27,1.57,2.44,Circle_5
-6579.5,77.64,129.08,136.69,98.01,152.53,28.05,74.67,72.31,60.84,90.86,77.64,2.23,1.65,2.41,Circle_5
-6639.5,78.46,130.3,141.44,96.01,153.45,30.3,75.47,71.12,62.27,93.03,78.46,2.27,1.6,2.41,Circle_5
-4432.0,72.54,115.43,137.64,65.07,143.59,43.72,67.72,58.46,53.48,91.22,72.54,2.49,1.24,2.55,Square_4
-4726.0,71.78,115.79,134.47,71.22,141.68,38.77,67.59,59.82,53.99,88.97,71.78,2.43,1.35,2.51,Square_4
-4257.5,69.53,111.65,134.85,65.0,135.09,40.4,65.4,54.53,54.33,87.33,69.53,2.5,1.28,2.5,Square_4
-4588.0,70.2,113.76,135.44,70.03,135.82,37.88,66.44,56.13,55.83,87.36,70.2,2.46,1.35,2.47,Square_4
-4634.5,70.11,113.86,134.85,71.01,135.72,37.12,66.45,56.51,55.81,87.03,70.11,2.45,1.37,2.46,Square_4
-4788.5,70.64,115.07,135.06,73.11,137.03,36.35,67.09,57.74,56.17,87.36,70.64,2.43,1.39,2.46,Square_4
-4551.0,73.28,116.54,137.32,66.73,145.58,43.34,68.29,60.03,53.15,91.68,73.28,2.47,1.26,2.56,Square_4
-4563.0,70.03,113.41,133.26,70.04,136.95,37.61,66.22,57.31,54.33,87.0,70.03,2.44,1.36,2.49,Square_4
-4377.5,68.92,111.43,131.11,68.18,135.0,37.5,65.09,56.33,53.18,85.75,68.92,2.45,1.34,2.49,Square_4
-4616.0,69.21,112.81,132.0,72.03,134.41,35.34,65.76,56.84,54.94,85.5,69.21,2.43,1.4,2.46,Square_4
-4885.0,71.54,116.21,133.3,74.43,140.89,36.38,67.7,60.56,54.54,88.0,71.54,2.4,1.4,2.48,Square_4
-4980.0,71.66,116.81,134.3,75.66,140.47,35.77,68.03,60.44,55.57,88.07,71.66,2.4,1.42,2.47,Square_4
-5847.5,68.03,116.98,112.36,111.0,127.58,9.2,67.53,70.37,61.12,71.09,68.03,2.03,2.01,2.25,Circle_4
-7395.0,86.48,141.59,164.16,92.91,167.71,42.19,82.43,71.93,69.15,106.2,86.48,2.41,1.44,2.44,Square_5
-5040.5,72.65,118.18,137.54,75.01,141.99,37.45,68.9,60.24,56.69,89.77,72.65,2.42,1.39,2.47,Square_4
-5032.0,67.93,113.09,122.64,84.15,132.48,25.54,65.49,61.67,54.46,80.35,67.93,2.27,1.62,2.4,Circle_4
-5226.0,72.79,119.12,138.0,78.0,141.35,35.65,69.35,60.63,58.0,89.42,72.79,2.41,1.43,2.44,Square_4
-2122.0,40.61,70.18,71.69,66.12,72.72,3.55,40.52,39.69,39.07,42.8,40.61,2.13,1.99,2.16,Rectangle_3
-3724.0,59.84,98.92,113.85,68.36,114.54,26.47,57.46,50.14,49.61,72.64,59.84,2.38,1.51,2.39,Square_3
-6654.0,88.22,140.88,169.01,80.02,173.61,52.75,82.63,70.34,66.5,111.06,88.22,2.5,1.25,2.54,Square_5
-2071.5,40.2,69.39,68.43,66.07,73.68,3.9,40.06,40.7,37.51,41.97,40.2,2.07,2.01,2.2,Triangle_3
-2498.0,43.9,75.99,76.94,74.01,77.03,1.72,43.87,43.33,43.28,45.0,43.9,2.12,2.05,2.12,Rectangle_3
-2495.0,45.2,77.04,75.29,69.01,86.82,9.04,44.46,45.86,38.47,49.05,45.2,2.06,1.91,2.31,Rectangle_4
-2825.5,47.46,81.46,78.77,76.01,89.59,7.18,47.02,48.76,42.08,50.21,47.46,2.04,1.98,2.26,Rectangle_4
-2846.0,48.05,82.18,84.77,71.4,90.38,9.75,47.46,46.36,42.69,53.34,48.05,2.16,1.86,2.27,Triangle_4
-3762.0,55.48,94.7,98.09,81.22,104.79,12.14,54.7,53.26,48.83,62.01,55.48,2.17,1.84,2.28,Rectangle_5
-2917.0,47.89,82.49,80.52,78.01,88.96,5.73,47.62,48.89,43.75,50.23,47.89,2.06,2.0,2.23,Triangle_4
-3263.5,56.68,93.25,106.96,63.01,109.79,26.23,54.22,47.85,45.67,69.14,56.68,2.38,1.48,2.42,Square_3
-4072.0,56.03,97.01,97.2,95.04,98.79,1.89,56.01,55.91,54.97,57.14,56.03,2.1,2.06,2.13,Triangle_5
-1900.0,39.46,67.23,64.66,61.03,76.0,7.81,38.8,40.58,33.39,42.41,39.46,2.03,1.93,2.31,Triangle_3
-3904.5,54.89,95.02,94.41,93.02,97.62,2.36,54.86,55.23,53.34,56.01,54.89,2.08,2.06,2.14,Triangle_5
-3630.0,54.77,93.34,100.85,77.78,101.39,13.48,53.95,49.99,49.62,62.23,54.77,2.24,1.79,2.25,Rectangle_5
-3507.5,52.34,90.34,92.91,83.86,94.24,5.65,52.16,50.77,49.94,55.77,52.34,2.15,1.97,2.17,Circle_3
-3456.5,52.88,90.54,96.25,78.09,97.27,10.79,52.3,49.28,48.61,59.02,52.88,2.21,1.85,2.23,Circle_3
-7585.0,79.57,135.28,144.81,111.45,149.59,20.78,78.2,73.5,70.24,90.84,79.57,2.23,1.77,2.28,Circle_5
-8535.0,82.51,141.69,145.87,126.24,152.97,13.84,81.83,79.86,75.3,90.32,82.51,2.15,1.9,2.23,Circle_5
